section,grave_id,inscription
B,1,"Here lieth the Body of Robert Smith of Wellhead in Oxenhope who departed this life the 2nd Day of May 1777 in the 83rd Year of his Age.
ALSO the Body of John Smith who departed this life the 3rd Day of November 1790 in the 73rd Year of his Age.
ALSO Mary the Wife of John Hardaker of Haworth. Obit March 3rd A,D. 1832 AEtatis 66 Years
Also the abovenamed John Hardaker, who departed this life March 26th A.D. 1837 Aged 74 Years."
B,2,"[This is a table tomb standing on a flat stone. The inscription on the top stone, B002b, is almost the same as that on the bottom stone, B002a,
but with an addition. One of the supports of the top stone covers the first part of the inscription on the lower stone.]
2a. (The first few lines are covered.) ... April 16th In the Year 1796 In the 61st Year of her Age
ALSO Rebecca the Daughter of Jonathan and Betty Whitaker of Yate who departed this life July 3rd 1813 in the 12th Year of her Age.
ALSO of the above Betty Wife of the said Jonathan Whitaker who died April 8th 1844 in the 77th Year of her Age.
2b. SACRED To the Memory of Martha Wife of Joseph Wright of Yate who died April 16th 1796 in the 61st Year of her Age
ALSO of Rebecca Daughter of Jonathan and Betty Whitaker of Yate likewise who died July 3rd 1813 in the 12th Year of her Age.
Also of the above Betty wife of the said Jonathan Whitaker who died April 8th 1844 in the 77th Year of her Age
Also of ELIZABETH WHITAKER of South St. Keighley LATE OF LOWER TOWN OXENHOPE who died JANUARY 21st 1875 in THE 85th YEAR OF HER AGE."
B,3,"IN MEMORY OF Priscilla the Daughter of James and Betty Whitaker of Yate who died April 20th 1821 in the 1st Year of her Age.
ALSO William their Son who died May 16th 1824 in the 1st Year of his Age.
ALSO Jonathan their Son who died Decr 26th 1827 in the 9th Year of his Age
ALSO of Thomas their Son who died April 5th 1829 in the 2nd Year of his Age
ALSO Betty Wife of James Whitaker & Mother of the above who died June 8th 1830 in the 38th Year of her Age
ALSO Mary their Daughter who died Augt 8th 1830 in the 2nd Year of her Age."
B,4,"Here lieth the body of Joseph Wright of Yate in far Oxenhope who died January 8th 1800 in the 70th Year of his Age
Also of Susey WIFE of Thomas Whitaker of Yate who died June 7th 1836 in the 29th Year of her Age
Also of Alice Wife of the above named Thomas Whitaker who died Feb 10th 1847 in the 36th Year of her Age
Also of Rebecca Daughter of the above Thomas & Susey Whitaker who died June 4th 1847 in the 15th Year of her age
Also of JOHN their Son who died May 3rd 1848 aged 19 Years
Also of WILLIAM their Son who died Jany 26th 1851 aged 20 Years
ASLO of the above THOMAS WHITAKER who died May 7th 1856 aged (49?) Years,"
B,5,"Sacred to the MEMORY of Hannah the Wife of John Uttley of Burnley who died Jan 25th 1838 Aged 72 Yrs
ALSO of the above John Uttley who died August 12th 1838 AGED 75 Years
Also in Memory of the late JOHN MOORE OF HAWORTH who died August 20th 1854 in the 68th Year of his Age."
B,6,"In Memory of Nathan the Son of Jonathan and Martha Uttley of Haworth who died Oct 26th 1794 In the 2nd Year of his Age
Also Pighells Uttley, their Son who died Feb 19th 1802 In the 2nd Year of his Age.
ALSO of Michael their Son who died July 27th Aged 34 Years
Also of Mary their Daughter and Wife of John Newell who died July 29th Aged 31 Years.
Also of Hannah their Daughter who died Septr 1st Aged 27 years
all three in 1829.
Refrain your tears pray shed no more, Although your children's gone before; In love they lived in peace they died, Their lives were asked but were denied."
B,7,[The stone is broken and illegible.]
B,8,"Here lieth the body of Susan Wife of Daniel Moor of Sowood buried November ye 19th 1754 in the 62nd year of her Age.
DANIEL BLAND. Thornton. Owner."
B,9,"Mary Widow of Abraham Wood deceased July 4th 1740 In the 75th year of her Age.
J S 1779 H S 1791 IN Memory of Hannah the Wife of Dennis Sunderland of Lee who died Octr 24th 1832 Aged 65 Years
Also of the above Dennis Sunderland who died Decr 2 1838 in the 82nd Year of his Age"
B,10,"Here lieth the Body of Martha the wife of John Utley of the Isle who Departed this life the 11th day of April 1744 And in the 75th year of her Age.
Also the Body of John Utley of the Isle who departed this Life ye 9th day of April 1757 in the 92nd Year of his Age.
Also here lieth the Body of John Utley of Sowood who departed this Life the 9th Day of August 1772 In the 80th Year of his AGE."
B,11,Here lieth the Body of John Rushworth Junior of Haworth who departed this life the (21?) day of November 1770 In the 37(87?) Year of his Age.
B,12,"IN MEMORY of Susey and Ellen the Daughters of John and Betty Whitaker of Yate who died Feby 25th 1815 in the 4th and 5th Years of their Ages.
ALSO of Joseph Wright Whitaker their Son who died Nov.6th 1830 Aged 6 Years.
Also of Martha their Daughter who died April 6th 1848 Aged 20 Years.
ALSO of Mary their Daughter who died July 26th 1849, aged 18 Years.
ALSO of Martha Daughter of John and Nelly Whitaker who died Feby 10th 1853, aged 2 Years.
Also of the abovenamed Betty, wife of the aforesaid John Whitaker, who died October 11th 1869 in the 81st Year of her Age.
Also of the abovenamed JOHN WHITAKER who died February 20th 1874 in the 87th Year of his Age.
JOHN WHITAKER OWNER."
B,13,"Here lieth the Body of Joseph the Son of John and Mary Hartley of Haworth who died the 29th Day of May 1792, in the first Year of his Age."
B,14,"Here lieth the Body of Thomas Parsons of Leeming Staymaker who departed this Life the 4th Day of May in the Year of our LORD 1769
In the 87th Year of his Age.
Also the body of Grace his Wife was buried here.
Also Martha the Wife of Charles Ogden who died the 15th of June 1792 In the 50th Year of her Age.
Afflictions sore I often bore Physicians were in vain Till God did please by Death to seize And eas'd me of my pain.
Also Mary the Wife of William Ogden who died December 6th 1809 Aged 72.
Also Nelly the Wife of Charles Ogden who died July 13th 1813 in the 61st Year of her Age.
Also the said Charles Ogden who died Feby 1st 1817 Aged 63 Years."
B,15,"Here lieth the Body of Mary the Wife of John Sunderland of Dickson House Who Died the 27th Day of December 1785 In the 41st Year of her Age.
Also here lieth the body of Mary the Daughter of the above said who died August 14th 1792 In the (?) Year of her Age.
Also here lieth the Body of Jonas the Son of the abovesaid who died the 13th of April 1794 Aged 12 Years.
Also the said John Sunderland who died May 18th 1824 Aged 76 Years
ALSO Abraham his Grand Son who died in Infancy 1824."
B,16,"In Memory of Hannah the Wife of Wm Snowden of Hoyle who died Aug. 22nd 1799 Aged 41.
I will both lay me down in peace and sleep for the LORD only maketh me dwell in safety. Ps.4."
B,17,[Top of stone is overlapped by B016. No inscription is visible.]
B,18,"In Memory of Betty the Daughter of Thomas and Mary Sugden of Cook Yate who died May 16th 1797 in the 1st Year of her Age.
Also Frances their Daughter who died the 20th of April 1800 In the 1st Year of her Age.
ALSO Mary Sugden Wife and Mother of the abovesaid who died May 1st 1824 Aged 64 Years.
ALSO the abovesaid Thomas Sugden who died March 20 1826 in the 63rd Year of his Age."
B,19,"Here lieth the Body of Mary Relict of Jonas Tillotson late of Moorhouse who departed this Life the 14th Day of May in the Year of our LORD 1780
Aged 82 Years.
ALSO Jonas Tillotson their Son who departed this Life January 9th 1808 in the 78th Year of his Age."
B,20,"Here lieth the body of Timothy Mitchell the Elder of Lee-hill buried December Anno Dom: 1714 Aged 47 years.
Also Timothy Mitchell the younger buried March the 5th Ann: Dni: 1733 In the 44th Year of his  Age.
G M        1742 M B        1771
Also Grace Daughter of James and Martha Briggs of Hallgreen died May 5th 1821 Aged 10 Years."
B,21,"HERE LYETH THE BODY OF GRACE THE DAUGHTER OF ROBERT CRAVEN WHO DYED THE 22nd DAY OF MARCH 1654 I B 1724 MARY HOLDSWORTH 1795
[B021 and B022 are broken parts of the same stone.]"
B,22,[possibly part of B021 craven holdsworth] AGED 58 YEARS.
B,23,"In Memory of Betty the Daughter of Robert and Mary Jackson of Withins who died the 28th of January 1788 Aged 15 Years.
Also James their Son who died the 6th of May 1792 In the 3rd Year of his Age.
Also William their Son who died the 21st of July 1798 In the 15th Year of his Age
ALSO Ann Wife of Robert Jackson & Daughter of Nathan Midgley, died Feby 13th 1822 Aged 67 Years
ALSO the said Robert Jackson died July 14th 1822 Aged 83 Years."
B,24,"In Memory of Jane Wife of John Kay who died Decr 19th 1828 Aged 21 Years
ALSO of James their Son who died May 19th 1835 Aged 6 Years."
B,25a,"mitchell [The stone is broken into two pieces.]
th
a.    HENRY MI
TCHEL Buried OCT OBER 1 1684
I M 1731 Christiana Holdsworth 1780 Aged 95 Joseph Holds worth her Husband died Sepr 30th 1789 Aged 91
Also Amy Holdsworth who died Sepr 28th 1808 Aged 70 Years
Also John Son of Joseph and Eve Holds(worth?) died ... [broken edge here.]
b.	1810 Aged 4 Years ALSO Phineas their Son who died Feby 1st 1835 Aged 31 Years.
Farewell my Wife and Children dear I am at rest you need not fear
No grief nor sorrow for me take But love my Children for my sake."
B,25b,was originally numbered B026 but was renumbered to B25b when it was realised that it was part of B025. Consequently there is no B026.]
B,27,"In Memory of Thomas the Son of Joseph and Mary Barraclough of Lowertown who died Nov 10th 1800 Aged 2 Years
ALSO in Memory of William their Son who died Novr 30th 1810 in the 1st Year of his Age.
ALSO the abovesaid Joseph Barraclough who died March 15th 1823 in the 63rd Year of his Age.
ALSO Mary Relict of the above Joseph Barraclough who died Feby 11th 1834 in the 66th Year of her age."
B,28,"Here lieth the Body of Sarah Wife of Michael Heaton of Intake who was buried the 3rd of November 1759 (1?) In the 58th(?) Year of her Age
Also the Body of Michael Heaton Husband of the abovesaid who departed this Life the 18th Day of March 177(1?) In the 72nd Year of his Age
Also John their Son who died the 20th of Dec 1791 in the 66th Year of his Age
Go home dear friend, and shed no tear Here I must lie till Christ Appear At the last Day I hope to have A Joyful rising from the grave.
Sarah Greenwood 1795 Aged 14 Years
Also Richard Greenwood of Dalemoor who died Augt 28th 1824 in the 89th Year of his Age
Also Sarah his Wife who died Aug 16th 1825 Aged 84 Years."
B,29,"Here lieth the Body of Caleb the Son of John Heaton of Dalemoor Intake who departed this Life the 1st Day of June, 1787 In the 19th Year of his Age.
Youth is but a transitory Flower It buds and blooms and dies all in an hour
Also Michael, his Son who died the 17th of August 1793 in the 39th Year of his Age.
Ye Friends of Science drop a tear For with delight its paths I trod
And found out this in my last Year The noblest Art's the fear of God.
Also Elizth his Daughter who died Augt the 24th 1795 Aged 15 Years."
B,30,[Illegible except for initials J H in bottom left hand corner.]
B,31,JOHN BANCROFT OWNER.
B,32,"Here lieth the Body of David Smith of Wellhead who died the 18th Day of August 1768 Aged 74 Years
Also Elizabeth the Wife of John Smith who departed this Life the 27th Day March 1786 In the 68th Year of her Age
Also John the Son of Abraham and Mary Holdsworth of Wycoller dean who departed this Life March 18th 1808 in the 11th Year of his Age
Also the abovesaid Mary Holdsworth, who died January 8th 1812 Aged 76
ALSO the abovesaid Abraham Holdsworth who died Oct 6th 1817 in the 81st Year of his Age
Also Abram Son of the above Abram & Mary Holdsworth who died Aug 13th 1835 Aged 67 Years
Martha his widow died July 21 1838 Aged 72."
B,33,In Memory of Mary the Wife of John Barraclough of Haworth who died Oct 1st 1797 Aged 22 Years Also Thos their Son who died in his Infancy.
B,34,"Here lieth the Body of Joseph the Son of John and Susan Hartley of Stairs who departed this life the 6th Day of May 1789 In the 3rd Year of his Age
ALSO Mary their Daughter who died Sept 25th 1807 Aged 23 Years
ALSO Esther the Wife of Joseph Hartley of the same place who died June 25th 1829 in the 57th Year of her age
Also of the aforementioned JOSEPH HARTLEY who died Novr 18th 1854 in the 86th Year of his Age
ALSO of Joseph Hartley Son of the above Joseph and Esther Hartley who died April 6th 1850 in the 63rd Year of his Age."
B,35,"Here lieth the Body of Henry Constantine of Haworth who departed this Life the 15th Day of January 1783 In the 67th Year of his Age.
Also Sarah his Wife who departed this Life the 14th Day of January 1772 In the 69th Year of her Age
ALSO Mary Wife of Henry Constantine Son of the above said who died January 9th 1796 Aged 50 Years
ALSO Henry Constantine died January 30th 1807 in the 61st Year of his Age
ALSO of Sarah Wife of Isaac Hudson of Haworth & Daughter of the above Henry & Mary Constantine who died March 17th 1846 aged 67 Years
ALSO of Martha their Daughter, who Died Augt 3rd 1846 in the 25th Year of her Age."
B,36,In MEMORY of ANTHONY SON OF ISAAC AND GRACE HOLDSWORTH OF WELLHEAD IN THE PARISH OF KEIGHLEY WHO DIED DECr 8th 1851 AGED 24 YEARS.
B,37,"Here lieth the Body of Jonas the Son of John Smith of Wellhead in Oxenhope who departed this Life the 10th Day of November 1789
In the 35th Year of his Age
My God the Spring of all my Joys
The Life of my delights
The Glory of my brightest days
And Comfort of my Nights
Also John Son of the above said John Smith who died March 17th 1810 Aged 60 Years."
B,38,"Here lieth the Body of Sarah the Daughter of Joseph Hartley of Coat who departed this Life the 14th Day of July 1784 In the 22nd Year of her Age
ALSO here lieth the Body of Joseph Hartley Father of the above said Sarah who departed this Life on the 8th Day of May 1802 In the 63rd Year of his Age.
ALSO Betty Wife of the above said Joseph Hartley who died Novr 23rd 1817 in the 75th Year of her Age."
B,39,"In Memory of Joseph Rushworth of Stanbury who died July 13th 1798 Aged 34 Years
ALSO John Rushworth who died July 27th 1815 Aged 80
ALSO Betty his Wife who died June 7th 1819 Aged 86 Years
ALSO of Mary Hird who died Septr 4th 1836, Aged 70 Years.
John Rushworth"
B,40,"IN MEMORY of BINNS SON OF JOHN AND HANNAH BANCROFT OF THROSTLE NEST IN THE PARISH OF KEIGHLEY WHO DIED MAY 11th 1830 IN THE 2nd YEAR OF HIS AGE
ALSO OF ANN THEIR DAUGHTER, WHO DIED APRIL 9th 1841, IN THE 20th YEAR OF HER AGE
Also OF HANNAH THEIR DAUGHTER, WHO DIED MARCH 10th 1852 IN THE 17th YEAR OF HER AGE
Also of HARTLEY, THEIR SON WHO DIED APRIL 4th 1852 IN THE 10th YEAR OF HIS AGE."
B,41,"[This stone is overlapped by B040 & B042.]
...(Sarah Daughter of ?) William Hardaker who died the 3rd Day of January 1769 In the first Year of her Age
Blessed are the dead which die in the LORD.
John Hardaker 1769 Age 69
Sarah his Wife 1774 Aged 61."
B,42,"Here lieth the Body of Hannah the Daughter of John Smith of Wellhead in Oxenhope who departed this Life the 17th Day of June 1775
In the 16th Year of her Age
Also the Body of Susan Daughter of the above said who departed this Life the 13th Day of October 1785 In the 19th Year of her Age."
B,43,"[A broken stone with part missing.]
THE
BERNAR(D HAR?)
TLEY OF
WHO DYED FEB
RUARY 17th  ANO
DNI  1696
P H 1723
B H 1768"
B,44,"In Memory of William Greenwood of Shaw who died April 25th 1791 In the 31st Year of his Age
ALSO in Memory of William Son of Bernard and Ann Greenwood of Free School who died Decr 29th 1820 Aged 7 Years
ALSO Elizabeth Ann their Daughter
ALSO Bernard Hartley Greenwood their Son 1827."
B,45,"Here lieth the Body of Mary the Daughter of Joseph Hartley of Coat who departed this Life the 26th Day of September 1784 in the 24th Year of her Age
ALSO William the Son of the above Joseph Hartley who died August 30th 1808 Aged 26
ALSO John Hartley who died November 26th 1822 Aged 48 Years."
B,46,"IN MEMORY of James Binns of Green Woodsvale who died March 1st 1814 in the 51st Year of his Age.
Mourn not for me but silent keep I am not dead but fallen asleep Till the Archangel warning give Then shall I rise, revive and live.
ALSO Rebecca his Daughter who died Decr 4th 1816 Aged 5 Years
Also Hannah his Wife who died Sept 9th 1826 Aged 66 Years
ALSO of Isaac Son of John and Mary Binns who died Feby 14th 1836, Aged 7 Months."
B,47,"Here lieth the Body of John Greenwood of Lower Ponden who departed this Life the 27th Day of February in the Year of our LORD 1769
In the 77th Year of his Age
Also Richard Son of John Whalley died Nov 21st 1793 Aged 34 weeks
Also James his Son died March 10th 1795 Aged 10 Years
ALSO of William Son of William and Mary Whalley who died April 1st 1840 aged 1 Year."
B,48,In Memory of Sarah the Wife of John Earnshaw of Oldoxenhope who died July 11th 1817 Aged 51.
B,49,"Here lieth the Body of Bernard Hartley of Shaw who departed this Life the 9th Day of March 1795 and in the 73rd Year of his Age
ALSO Sarah Wife of William Brooksbank of Shaw and Daughter of the above who died Feby 23rd 1819 in the 65th Year of her Age."
B,50,"Here lieth the Body of Susan Wife of Robert Greenwood of Cullingworth who died July 16th 1780 In the 77th Year of her Age
Also Robert Greenwood Husband of the above who died April 19th 1791 Aged 88 Years."
B,51,"The Children of James Greenwood of Haworth buried as follows
Mary Novem: 24 1726
Elizabeth Dec:1 1726
James Octo:30 1732
Also Michael Greenwood buried 1745
Also Grace Greenwood buried here 1756
Also James Greenwood of Cullingworth who died March 12 1777 Aged 47 Years."
B,52,Here lieth the body of Elizabeth the Wife of Thomas Smith who died July 25th  1767 The Righteous shall be held in everlasting Remembrance.
B,53,"Here lieth the Body of Susannah Wife of John Redman of Lowertown who departed this Life the 11th day of October in the Year of our Lord 1757
And in the 89th Year of her Age
Also the Body of Sarah the Wife of Edward Holmes and Daughter of the abovesaid who departed this Life the 17th Day of November 1779
In the 23rd Year of her Age
Also Edward Holmes Husband of the above said Sarah who died May 30th 1788 in the 32nd Year of his Age
ALSO in Memory of Sarah Daughter of the above said Edward Holmes who died June 23rd 1806 In the 22nd Year of her Age."
B,54,"Here lieth the Body of Joseph Shackleton of Deanfield who departed this Life the 15th Day of Augt 1793 In the 61st Year of his age
Also William his Son who died the 21st Day of May 1793 In the 18th Year of his Age
Also Robert his Son who died the 22nd Day of March 1795 In the 18th Year of his Age
Also Andrew his Son who died in his Infancy
ALSO Joseph Holmes Son of the abovesaid Joseph who departed this Life Novr 1st 1813 in the 47th Year of his Age
ALSO Mary Wife of the above said Joseph Shackleton who died Augt 9th 1824 Aged 77 Years
ALSO Michael the Son of James and Sarah Shackleton who died July 1st 1843 in the 28th Year of his age
ALSO of the abovenamed James Shackleton who died April 17th 1860 in the 81st Year of his Age."
B,55,"[Overlapped at top by B054]
... Martha the wife of James Greenwood of Haworth buried the 22nd day of March Anno Dom: 1732
Also Mary Daughter of James Greenwood buried here 1752
Also James Greenwood of Sugden house Father of the abovesaid Mary who died the 2nd Day of April 1780 in the 86th Year of his Age
Also James Greenwood... [Overlapped from here by B056.]"
B,56,"Here lieth the Body of Sarah the Daughter of John and Hannah Paslaw of Haworth who departed this Life the 9th Day of October 1769
in the 11th Year of her Age
Also the body of Hannah the Wife of the abovesaid John Paslaw who departed this Life the 17th Day of Sepr 1789 And in the 54th Year of her Age
Also here lieth the Body of John Paslaw Husband of the abovesaid Hannah who departed this Life the 6th day of January 1799 In the 68th Year of his Age
Also Stephen Paslaw their Son who died Feby 21st 1826 Aged 68 Years
ALSO Ann Paslaw his Wife who died October 26th 1827 Aged 67 Years."
B,57,"In Memory of John Utley of Marsh who died Feby 25 1812 Aged 57 Years
ALSO Shepherd his Son who died October 15th 1813 in the 21st Year of his Age
ALSO Susannah the Daughter of Martha Utley who died Oct 5th 1827 in the 2nd Year of her Age
ALSO Mary Relict of the abovesaid John Utley who died Oct 25th 1831 Aged 74 Years
ALSO Martha their Daughter who died Sept 9th 1836 Aged 33 Years."
B,58,"Here lieth the Body of Mary Hartley the Daughter of Bernard Hartley of Shaw who departed this Life the 32st Day of March 1768
And in the 20th Year of her Age
Also here lieth the Body of Joanna Hartley his Daughter who departed this Life the 12th Day of June 1781 In the 22nd Year of her Age
Also here lieth the Body of James Hartley his Son who departed this Life the 22nd Day of March 1792 In the 23rd Year of his Age
Also Sarah the Wife of Bernard Hartley and Mother of the above Children who died Dec 9th 1801 Aged 75 Years."
B,59,"[The top lines on this stone are either hidden underneath the railings or are illegible.]
... ALSO OF ELLEN DAUGHTER OF JOSEPH AND MARY ANN CRABTREE WHO DIED DEC 21st 1846 in the 3rd YEAR OF HER AGE."
B,60,"IN MEMORY of Rebecca the Daughter of Luke and Ann Southwell of Streethead who died Decr 13th 1792 Aged 18 Years
ALSO John their Son who died May 29th 1793 Aged 9 Years
ALSO Luke Southwell Father of the above who died Augt 19th 1814 in the 73rd Year of his Age
ALSO Ann his Wife who died Feby 14th 1822 Aged 74 ALSO of Luke Son of the said Luke & Ann Southwell who died March 4th 1845 aged 68 Years."
B,61,"Here lieth the Body of Martha the Daughter of Joseph and Sarah Crabtree late of Height who departed this life the 8th Day of November 1779
In the 3rd  Year of her Age
Also William their Son who died in his Infancy
ALSO in Memory of John  their Son who died Sept 1st 1793 in the 23rd Year of his Age
ALSO in Memory of the abovesaid Joseph Crabtree of Haley who died Feby 28th 1818 In the 70th Year of his Age
ALSO Sarah Wife of the abovesaid Joseph Crabtree who died June 30th 1825 in the 75th Year of her Age
ALSO of Susan their Daughter who died May 1st 1846 aged 64 Years."
B,62,"[Overlapped by B054.]
(Here li?)eth the Body of (Joseph?) Hanson of Rushhiles who departed this Life the 25th Day of February in the Year of our Lord 1761 in the
74th Year of his Age."
B,63,"Here lieth the Body of Hartley Pighells of Bucklies who departed this Life the 25th Day of February 1788(?) in the 49th Year of his Age.
Also here lieth the body of Grace Relict of Robert Pighells of Bucklies and Mother of the abovesaid who departed this Life the 14th Day of December 1783
In the 78th Year of her Age
Also Esther Daughter of the abovesaid Hartley Pighells who departed this Life the 6th Day of January 1787 In the 19th Year of her Age
Also here lieth the Body of Martha Relict of the abovesaid Hartley Pighells who died the 11th Day of December 1803 in the 73rd Year of her Age."
B,64,"Here lieth the Body of Mary the Daughter of William Greenwood of Moorside who departed this Life the 17th Day of September 1785
in the 7th Year of her Age."
B,65,David Bland who died Jany 22nd 1820 Aged 50 Years.
B,66,"Here lieth the Body of Ellin the Daughter of Hartley Pighells of Bucklies who departed this Life the 11th Day of October 1784
And in the 24th Year of her Age."
B,67,"Here lieth the Body of Robert Pighells of Bucklies who departed this Life the 17th Day of April 1769 in the 71st Year of his Age
Also here lieth the Body of Michael Pighells of Hill end and Son of the abovesaid who departed this Life the 29th Day of January 1783
in the 34th Year of his Age
Also here lieth the Body of Grace Pighells Daughter of the abovesaid who departed this Life the 27th Day of January 1792 in the 49th Year of her Age
ALSO here lieth the Body of Thomas Pighells of Bucklies who departed this Life the 17th Day of January 1849 in the 80th Year of his Age."
B,68,"HERE LYETH THE BODY OF ABRAHAM (NA?)YLER OF HILL HOUS WHO DYED THE 26 OF JULY 16(53?)
I P 1705 J U 1774"
B,69,"In Memory of Susanna the Daughter of James and Martha Driver of Denholme who died Nov. 24th 1798 Aged 20 Months
ALSO in Memory of Susanna the Daughter of Lydia Driver of Denholme who died Jany 9th 1816 Aged 2 Years
ALSO in Memory of the above said James Driver who died October 16th 1829 in the 78th Year of his Age
ALSO of Martha Wife of the abovesaid James Driver who died June 7th 1831 in the 74th Year of her Age."
B,70,"Here lieth the Body of Mary the Daughter of Thomas Driver of Oldoxenhope who departed this Life the 10th Day of May 1795
and In the 33rd Year of her Age
Also Sally the Wife of Thomas Driver who died Feb 6th 1801 Aged 61 Years
ALSO the abovesaid Thomas Driver who died Augt 3rd 1804 in the 73rd Year of his age
Also Nancy the Wife of William Driver of the same place who died March 24 1831 in the 53rd Year of her age
Also of the abovenamed William Driver who died Nov 15th 1850 in the 72nd Year of his Age.
Also of Mary Driver daughter of the afore named William and Nancy Driver who died Decr 30th 18(59?)in the (33rd?) Year of her Age."
B,71,"IN MEMORY OF JOSEPH HOLMES OF STANBURY WHO DIED MAY 10th 1835 AGED 73 YEARS
Also of Ann relict of the abovesaid Joseph Holmes who died Octr 25th 1851 in the 85th Year of her Age."
B,72,"In Memory of NATHAN SON OF WILLIAM AND ELIZABETH MIDGLEY OF NEWSHOLME WHO DIED DECEMBER 11th 1836 IN THE 32nd YEAR OF HIS AGE
ALSO OF THE ABOVE NAMED WILLIAM MIDGLEY WHO DIED MARCH 19th 1842 AGED 72 YEARS
ALSO OF THE ABOVE ELIZABETH RELICT OF THE SAID WILLIAM MIDGLEY WHO DIED NOVEMBER 8th 1845 AGED 75 YEARS
ALSO OF THOMAS THEIR SON WHO DIED AUGUST 1st 1867 IN THE 58th YEAR OF HIS AGE."
B,73,"[photograph] [This stone is broken at the top and bottom and the three inscriptions appear to be of very different periods:
b) appears to be the earliest and a) the latest.]
a) 	... the (Rob?)ert Pighells of
Bu?)cklies who died
the 17th Day of
April 1769 In the
71st Year of his Age
b) 	1640
LB  W+FE BodEE
MP
WIFE
c) 	MICHAEL SON OF ROBERT PIGHELLS OF BUCKLIES...."
B,74,"[Overlapped at top by B073]
...our LORD 1768 in the 4th and 7th Years of their Age
ALSO here lie (sic) the Body of James Sutcliffe who died March 6th 1833 in the 32nd Year of his Age."
B,75,"Here lieth the Body of Joseph Rushworth buried March ye 6th 1743
Also Mary the Daughter of John Rushworth died May 3d 1769
Also Mary Wife of John Rushworth died March 18th 1773 aged 37
Also Joseph his Son who died February the 12th 1788 In the 23rd Year of his Age."
B,76,"HERE LYETH THE BODY OF JOHN SON OF JONAS DRIVER WHO DYED THE 27TH DAY OF JUNE 1698(?)
ALSO Joseph Crabtree of Wycoller who died February xix Anno Domini MDCCCXVI AEtat LXXII RIP"
B,77,"In Memory of Miles Pighells of Intake who died June 9th 1799 Aged 76 Years
ALSO Joseph the Son of Joseph and Nanny Pighells of the same place who departed this Life June 16th 1808 in the 29th Year of his Age
ALSO Joseph Pighells, Son and Father of the abovesaid who departed this Life June 9th 1821 in the 68th Year of his Age
ALSO Nanny Wife of the abovesaid Joseph Pighells who died July 28th 1830 Aged 73 Years."
B,78,"[This stone is split into two and the bottom part is illegible.]
In Memory of Mary Wife of John Moor of Stanbury who died January 21st 1797 Aged 72
ALSO of Martha Moore of Stanbury who died April 21st 1837 Aged 61 Years."
B,79,"Here lieth the Body of Mary Wife of John Holmes of Oldoxenhope who Departed this life The 17 of September Ann. Dom. 1736 Aged 22 years
Also Susan Daughter of Edward Holmes who died February 22nd 1787 In the 22nd Year of her Age
Also Edward Holmes of Stubbing Lane who died Jany 1st 1809 in the 71st Year of his Age
ALSO Martha his Wife who died Jany 18th 1810 in the 75(?) Year of her Age
ALSO Robert Son of William Redman who died Aug 3rd 1815 Aged 2 Years."
B,80,"Here lieth the Body of Mary the Wife of John Irvin of Southdean who departed this Life the 16th Day of January 1?83(?)
And in the 47th Year of her Age.
God has laid up in heaven for me A Crown which cannot fade
The righteous Judge that great Day Shall place it on my head.
ALSO the said John Irvin who died April 5th 1810 Aged 73 Years
ALSO Hannah their Daughter who died Decr 26th 1824 Aged 64 Years."
B,81,"[Top of stone is overlapped by B080.]
...1802 Aged 73 Years
ALSO Joshua his Son who died March 1st 1821 Aged 42 Years
ALSO Mary Wife & Mother of the above who died Jany 19th 1828 Aged 82 years.
ALSO of Elizabeth the Daughter of Joseph & Betty Moor who died March 1st 1845 in the 22nd Year of her Age
ALSO of Ellen their Daughter who died May 12th 1850 in the 20th Year of her Age."
B,82,"Here lieth the Body of John Son of Joshua Moor Buried October the 30th 1746
Also Richard Son of Joshua Moor Buried October the 3rd 1752
Also William and Hannah Children of Joshua Moor buried March ye 21st and April ye 1st 1758
Also Grace his Wife who died December 8th 1789 In the 68th Year of his Age
Also Joshua Moor Husband and Father of the above named who departed this Life July 25th 1801 in the 80th Year of his Age."
B,83,"IN MEMORY of Robert the Son of Robert and Betty Pighells of Coldwell who died July 13th 1808 in the 2nd Year of his Age
ALSO of Betty the Wife of the above named Robert Pighells who departed this Life July 19th 1809 in the 26th Year of her Age
ALSO of Martha Wife of the above named Robert Pighells who died June 30th 1851 in the 78th Year of her Age
ALSO of the aforenamed Robert Pighells who died April 11th 1857 in the 75th Year of his Age"
B,84,"[N.B. re ""above named William"": This inscription has been checked and rechecked, and it has been copied
correctly despite the fact that there is only one ""above William"" not two as indicated]
Here lie the Bodies of John and Abraham the Sons of William and Sarah Brooksbank of Scartop who died the 3rd and 8th Days of Sepr 1789
And in the 1st & 4th Years of their Age These babes they rest on Jesus Breast till he shall bid them rise.
ALSO the abovesaid William Brooksbank who died March 8th 1820 in the 72nd Year of his Age
ALSO Thomas his Grand Son who died Octr 13th 1837 Aged 25 Years,
Also of the above named William Brooksbank who died April 18th 1851 in the 72nd Year of his Age."
B,85,"[Top of stone overlapped by B084.]
... in the 19th Year of his age
ALSO William their Son who died June 4th 1829 in the 23rd Year of his age
ALSO of Abraham their Son who died March 2nd 1813 in  the 32nd Year of his Age."
B,86,"[The top part of the inscription is illegible.]
Here lieth the Body ...
Anno Domini 1713(?)
Also here Resteth the body of John Sharp of Rushhiels who departed this
life the 1 day of April Anno Dom: 1742
William Sharp buried here 1770
Mary Hay(?) 1781
M S 1811."
B,87,"Here lieth the Bodies of Sarah, Thomas, William, William, Richard, Sarah, Thomas and Mary Children of Joseph and Sarah Moor of Denholme 1761"
B,88,"Here lieth the Body of Mary the Wife of John Crabtree of Cold-knowle end near Stanbury who departed this Life the 10th Day of June 1791
And in the 82nd Year of her Age
ALSO here lieth the Body of Jonas Crabtree of Cold knowlend who departed this Life December 16th 1811 And in the 63rd Year of his Age
ALSO here lieth the Body of Sarah his Wife who departed this Life March 13th 1823(?) And in the 72nd Year of her Age."
B,89,"Here lieth the Body of Mary the Wife of Joseph Moor of Haworth who departed this Life the 11th Day of April 1780 In the 17th Year of her Age
Also the said Joseph Moor who died Augt 24th 1811 Aged 75 Years
ALSO Mary his Wife who died Feby 13th(?) 1812 Aged 71 Years."
B,90,"Betty Daughter of William Smith died 1844 ALSO the above William Smith who died April 3rd 1846, aged 32 Years."
B,91,"Here lieth the Body of Sally the Daughter of John and Mary Roper of Scartop who died July 2nd 1800 In the 2nd Year of her Age
The great Jehovah full of love
His Angel bright did send
To fetch away this harmless babe
To Joys that never end.
Also Esther, their Daughter who died May 7th 1808 in the 1st Year of her Age
ALSO James their Son who died Decr 17th 1818(?) in the 7th Year of his Age
Also the above said Mary Roper who died June 14th 1834 Aged 57 Years
ALSO of the above named John Roper who died Dec 1st 1845 in the 73rd Year of his Age."
B,92,[Top of stone is overlapped by B084.] ..ALSO Abraham their Son died in his infancy 1832.
B,93,"Here lieth the body of William Midgley of Oldfield who was buried the 22nd day of January in the Year of our Lord God 1728
Also here lieth the Body of Nathan Midgley of Oldfield who departed this life the 2nd day of September in the year of our Lord 1752
and in the 65th year of his Age
ALSO Betty Daughter of Nathan Midgley who departed this Life the 19th of July 1791 And in the 29th Year of her Age."
B,94,"In Memory of Joseph the Son of William and Susanna Ratcliffe of Stanbury who died March 6th{?) 1797 in the 2nd Year of his Age
Also Thomas their Son who died February ... 1803 in the 1st  Year of his Age.
ALSO of Holmes their Son who died April 9th 1808 in the 4th Year of his Age
ALSO of the abovenamed Susannah Ratcliffe who died June ... 1828 in the 68th Year of her Age
ALSO of the abovenamed William Ratcliffe who died Jany 18 1830 in the 72nd  Year of his age."
B,95,"Here lieth the Body of Joseph Bolton of Old house Lower Ponden who died November 8th in 1786 in the 36th Year of his Age
Also here lieth the Body of John Bolton of Oldhouse the Huntsman of Ponden who departed this Life the 8th day of February 1795
And In the 77th Year of his Age
ALSO of Nancy the Wife of Thomas Roberts who died April 29th 1843 aged 25 Years."
B,96,"IN MEMORY of John the Son of William and Rebecca Fortune of Stanbury who died March 4th 1812 Aged 19 Years
ALSO of the abovesaid Rebecca Fortune who died July 21st 1828 in the 60th Year of her Age
ALSO of the abovesaid William Fortune who died March 3rd 1832 Aged 62 Years
ALSO of Rebecca, Daughter of William and Sarah Fortune who died May 12th 1852 in the 8th Year of her Age
ALSO of the aforenamed William Fortune who died March 6th 1866 aged 58 Years
Also of SARAH relict of the above WILLIAM FORTUNE, who died Feby 17th 1879 in the 69th Year of her Age."
B,97,Here lieth the body of John Redman of Haworth who departed this Life on the 12th Day of April 1803 In the 43rd Year of his Age.
B,98,"Here lieth the body of Sarah Midgley wife of Richard William Midgley of Oldfield in the Parish of Keighley who departed this
life the 6th day of August in the year of our Lord 1717 in the 90th Year of her age.
ALSO in Memory of Ann Pighells of Stanbury who died Feby 13th 1816 Aged 61 Years
ALSO James Son of John & Mary Midgley died Novr 6th 1819 Aged 19 Years
ALSO the said Mary Midgley who died Jany 26th 1820 Aged 33 Years
Also the abovesaid John Midgley who died May 7th 1835 in the 71st Year of his Age.
ALSO of Mary Daughter of John and Sarah Midgley who died July 26th 1842 in the 19th Year of her Age."
B,99,"IN MEMORY of Isabella the Daughter of John and Mary Heaton of Scholes who died Augt 22nd 1815 in the 2nd Year of her Age
ALSO Mary their Daughter who died April 2nd 1827 in the 9th Year of her Age.
ALSO of Grace their Daughter who died Jany 16th 1849 in the 25th Year of her Age."
B,100,"In Memory of Ann the Wife of Michael Heaton of Scholes who died March 25th 1796 In the 41st Year of her Age.
ALSO of the above said Michael Heaton who died March 5th .... in the 81st Year of his age.
ALSO of Samuel Heaton of Haworth who died May 30th 1849 in the 28th Year of his Age.
ALSO of John his Son who died Decr 2nd 1849 in the 4th Year of his age."
B,101,"Here lieth the Body of Sarah Wife of Moses Hopkinson of Hollings who departed this Life October 3rd 1771 In the 67th Year of her Age
Also the above Moses Hopkinson who departed this Life February 28th 1785 In the 79th Year of his Age
Be ye also ready Mat. 24 44.
Also William their Son who died the 21st of May 1793 In the 53rd Year of his Age.
Also Isabell Relict of the above who died the 9th of November 1793 In the 67th Year of her Age.
Also James Hopkinson who died Feby 2nd 1804 Aged 72."
B,102,"Here lieth buried the body of Nathan Midgley of Oldfield who departed this life the 20th day of June 1740 and in the 27th Year of his Age
Also here lieth buried the body of Mary Midgley Wife of the abovementioned Nathan Midgley of Oldfield who departed this life the 1st day of
September 1753 and the 86th Year of her Age.
ALSO John Hall Son of Midgley Hall who died May 20th 1785 In the 21st Year of his Age.
ALSO Betty Hall Daughter of the above Midgley Hall who died June 16th 1785 In the 16th Year of her Age.
ALSO Midgley Hall their Father who died the 6th of July 1796 in the 76th Year of his Age.
Betty Hall Aged 85. 1824."
B,103,"N.D.
John Smith 1782
Mary Smith 1792
N.D."
B,104,"In Memory of Christopher Holmes who died October 20th 1794 Aged 63 Years
ALSO Susan his Wife who died Novr 3rd 1809 Aged 63 Years
John Holmes Aged 58 1825."
B,105,In MEMORY of William Pickles of Field Head who died Octr 28th 1849 in the 83rd Year of his age.
B,106,"IN MEMORY OF Susan Daughter of William and Rebecca Fortune of Stanbury, who died Nov 11th 1836 Aged 32 Years
Also of Joseph Midgley of Dock Royd who died January 5th 1867 Aged 67 years.
ALSO of Hannah Midgley relict of the  above Joseph Midgley who died January 8th 1869 in the 70th Year of her age."
B,107,Here lieth the Body of Mary the Wife of John Newell of Bradford who departed this Life the 21st(?) Day of June 1789 In the 50th(?) Year of her Age.
B,108,"In Memory of Betty the Wife of William Midgley of Stanbury who died March 16th 1811 Aged 70
ALSO of the above William Midgley who died Jan 6th 1826 Aged 87 Years
Also of William Midgley their Son of Haworth who died May 1st 1843 in the 64th Year of his Age."
B,109,"In Memory of Mary the Wife of William Sagar of Hall who died March 23rd 1790 Aged 39 Years
Also the said William Sagar who died December 28th 1807 Aged 58 Years
ALSO James Rushworth who died June 4th 1825 Aged 42 Years
ALSO OF ESTHER HIS WIDOW WHO DIED JANy 25th 1843 AGED 61 YEARS"
B,110,"Nathan Pighells Aged 2 years 1778
Nancy Jowett Aged 64  1820
David Jowett Aged 29  1825"
B,11,1 [Illegible.]
B,112,"Here lieth the Body of John Fether of Within who departed this Life the 5th Day of February 1786 in the 78th Year of his Age.
Also James the Son of Timothy Fether buried here Aug 5th 1792 Aged 27 Years
Also Mary Wife of the said Timothy Fether who died May 9th 1795 Aged 60 Years
ALSO the said Timothy Fether who died November 14th 1811 Aged 77 Years
ALSO Mary Feather died April 5th 1825 Aged 13 Years
ALSO Timothy Feather who died Decr 4th 1826 Aged 30 Years
ALSO Timothy Feather his Father who died Feby 5th 1836 Aged 67 Years"
B,113,"IN MEMORY of George, Son of William and Sally Midgley of Haworth who died March 21st 1845, in the 20th Year of his Age
ALSO of James their Son, who died June 14th 1846, in the 16th Year of his age"
B,114,"M.F. Here lieth the Body of Betty Fletcher
Also in Memory of John Fletcher of Haworth who died Jan 1st 1791 Aged (?)
Also Sarah his Wife who died June 24th 1813? Aged 85 Years
ALSO of Betty Wife of JOSEPH FLETCHER who died  AUGt 27th 1847 AGED 75 YEARS."
B,115,illegible
B,116,"[The inscription on the top half of this stone is very faint and scarcely legible.]
Here lieth Bodies of ... and Mary
of Nicolas ...  of Stanbury who was buried ... day of May Mary ... December
1713(?) N D  17
IN MEMORY OF MATTHEW HOLLINGS WHO DIED JULY 27th 1852
AGED 59 YEARS ALSO OF SARAH RELICT OF THE ABOVE MATTHEW HOLLINGS
WHO DIED FEBy 10th (?) AGED 62 YEARS."
B,117,[Illegible]
B,118,[Illegible]
B,119,"[Most of this inscription is illegible.]
42 1762 Sagar rth Hall died this Day of 1788  In
of his Sarah the
died of 1794 In of"
B,120,"[Most of the inscription has worn away.]
lieth the
Nicolas
Nicolas
Stanbury
day
Ano Dni
3 Year
lieth the
olas
Stanbury
this
day of
in the
Age
Hanson
ed 74 1852."
B,121,"Here lieth the Body of James Holmes who died August,1st 1798 Aged (?)."
B,122,"IN MEMORY of Ann the Wife of John Preston of Westhill who died April 22nd 1813 Aged 70 Years
ALSO the above said John Preston who died December 14th 1816 in the 73rd Year of his Age
ALSO of Abraham Preston who died Nov 21st 1833 Aged 66 Years."
B,123,"Here lieth the Body of Henry the Son of Henry and Mary Atkinson of Haworth, who departed this Life January 4th 1801 In the 18th Year of his Age
ALSO in Memory of William their Son, who died Augt 31st 1807, Aged 2 Years.
ALSO in Memory of Robert their Son who died Jany 5th 1811 in the 16th Year of his Age
ALSO Betty their Daughter who died October 25th 1819 in the 30th Year of her Age
ALSO George their Son who died Jany 27th 1827 in the 42nd Year of his Age
ALSO of Sarah, Wife of John Bottomley, and Daughter of the above Betty, who died June 16th 1839, in the 27th Year of her Age."
B,124,"Here lieth the Body of Martha the Wife of George Taylor of Stanbury who departed this Life the ... day of October in the Year of Our Lord 1764(?)
In the 63rd Year of her Age.
Also her Husband (George?) Taylor of Stanbury who died In the ... Year of his Age
Also Susanna the Wife of George Taylor Junior who died November 9th 1796 in the (70th?) Year of her Age
Also George Taylor Husband of the abovesaid Susanna who departed this Life January ... 1801 in the 71st Year of his Age."
B,125,"In MEMORY of Hannah the Wife of William Holmes of Stanbury, who died June 30th 1828 Aged 47 Years
ALSO of the above William Holmes who died June 6th 1832 Aged 54 Years
ALSO of Joseph Son of Joseph & Sally Holmes who died March 27th 1844 Aged 3 Years."
B,126,"In Memory of Henry the Son of Henry & Mary Atkinson of Haworth who died May 24th 1825 in the 23rd Year of his Age
Also of the above named Henry Atkinson who died June 10th 1838 Aged 79 Years
ALSO of the above Mary Relict of the said Henry Atkinson who died July 19th 1838 Aged 80 Years
Also of Faith the Wife of John Atkinson who died Decr 4th 1848 in the 40th Year of her age."
B,127,"IN MEMORY of John Pighells of Hoylesike who departed this Life June 8th 1810 in the 67th year of his Age
ALSO of Mary Pighells Relict of the abovenamed John Pighells who departed this Life Septr 11th 1841 in the 93rd Year of her Age."
B,128,Here lieth the Body of Nancy the Daughter of George Taylor of Stanbury who departed this Life the 24th Day of May 1788 In the 23rd Year of her Age.
B,129,"Here lieth the Body of Mr. Richard Pollard of Stanbury buried the 25th day of August 1735 And in the 70th year of his age
Also the Body of Michael Pighells who departed this Life the 4th Day of June 1789 And in the 64th Year of his Age
ALSO Michael Pighells of Stubbing Lane who died May 4th 1804 Aged 33 years
ALSO Mary Relict of the above and Wife of John Fawthrop of the same place who died Feb 17th 1850 Aged 55 years."
B,130,"Beneath this Stone lieth the Body of Sarah the Wife of Thomas Pighells of Northives who departed this Life October 17th 1804
in the 33rd Year of her Age
ALSO three of their Children who died in their Infancy
ALSO Michael their Son who died Septr 22nd 1810 in the 9th Year of his Age
ALSO Thomas Pighells Husband and Father of the above who died December 20th 1810 in the 33rd Year of his Age
ALSO two Children of Robert and Mary Pighells of Uppertown who died in their Infancy 1830 & 1831
ALSO one in 1832."
B,131,"IN MEMORY of Nelly Wife of Robert Holmes of Royd hill who died March 22nd 1789 Aged 41 Years
ALSO Mary their Daughter who died May 12th 1812 Aged 32 Years
Blest be the clear uniting love That will not let us part, Our bodies may far off remove We still are join'd in heart.
ALSO the abovesaid Robert Holmes who died March 17th 1813 Aged 70 Years.
ALSO of Joseph Son of John and Rebecca Holmes of Binns who died Jany 17th 1838 Aged 17 Years
ALSO of the abovenamed John Holmes who died March 7th 1847 in the 57th Year of his Age."
B,132,[Illegible]
B,133,"IN MEMORY OF Ann the Wife of Michael Pighells of Haworth who died April 29th 1820, Aged 68 Years
ALSO the above said Michael Pighells who died Decr 24th 1821 Aged 72 Years
Also Robert the Son of Joseph and Hannah Pighells who died Decr 23rd 1828 in the 3rd Year of his Age."
B,134,"Here lieth the Body of Robert the Son of James Robinson of Stanbury who departed this Life the 9th Day of March 1783,
and in the 7th Year of his Age
Also James Robinson Father of the abovesaid who departed this Life the 27th Day of February 1799 In the 47th Year of his Age
ALSO of Martha Robinson Relict of the aforenamed James Robinson who died May 5th 1839 in the 84th Year of her Age."
B,135,"IN MEMORY of SARAH Wife of JOHN PICKLES of Wild Greave Head, who died Novr 18t 1849 in the 66th Year of her Age.
ALSO of the above named JOHN PICKLES who died April 9th 1850 in the 58th Year of his Age."
B,136,"IN MEMORY OF JOHN SON of WILLIAM & MARY HOLMES of SHAWTOP, who died March 23rd 1851 in the 1st Year of his Age
ALSO to the Dear Memory of SYDNEY HOLMES, of Hebden Road, Son of the above WILLIAM & MARY HOLMES, who died July 12th 1918, Aged 60 Years.
'In God's Keeping.'
Also in Loving Memory of MARTHA ANN wife of the above named SYDNEY HOLMES, who died June 3rd 1929, Aged 72 Years. A devoted mother.
Also in memory of William Peacock 1890-1955.
Also his wife Ada Peacock (Holmes) 1894-1990."
B,137,"IN MEMORY of Sally Wife of Jonas Jowett of Haworth who died Aug 2nd 1800 Aged 41 Years
ALSO John their Son who died July 12th 1808 Aged 14 Years
ALSO Jonas Son of Jonas and Mary Jowett who died Septr 14th 1808 Aged 15 Months
ALSO Martha their Daughter who died Aug 6th 1811 Aged 2 Years
ALSO the abovesaid Jonas Jowett who died March 4th 1829 Aged 51 Years
ALSO of Mary Relict of the above Jonas Jowett who died May 18th 1859 Aged 72 Years
Also of John Sugden Ackroyd of Keighley who died Decr 13th 1853 in the 54th Year of his Age."
B,138,"In MEMORY of Judith the Wife of John Pighills of Vale Mill who died Novr 6th 1815, Aged 45 Years.
ALSO Betty their Daughter who died in her Infancy.
ALSO Sarah Second Wife of the abovesaid John Pighills who died April 27th 1852 Aged 47 Years
ALSO of the abovenamed John Pighills who died in the Lord Jany 8th 1838 Aged 65 Years."
B,139,"IN MEMORY OF Sarah daughter of Joseph & Mary Pighells of Sladen Bridge who died May 11th 1850 aged 25 years
ALSO of the above Mary wife of the said Joseph Pighells who died May 15th 1850 aged 65 Years."
B,140,"HERE LYETH THE BODY OF WILLIAM HEATON WHO DYED MARCH THE 9 ANNO DOMINI 1708
M H 1721  J H 1734"
B,141,"[This is a broken piece of stone.]
SUSAN SOWDEN
BURYED NOVEB (sic) 7
1648 AETATIS  14
Timothy Holmes 1741"
B,142,"IN MEMORY of Isaac the Son of James and Mary Jowett of Bridge house who died July 23rd 1798 in the 2nd Year of his Age
ALSO Joseph their Son who died April 7 1808 Aged 5 Years
ALSO John their Son who died April 24th 1812 Aged 4 Years.
Also the above said Mary Jowett who died Septr 28th 1814 Aged 58 Years
ALSO Mary their Daughter who died April 2nd 1819 Aged 18 Years.
ALSO the said James Jowett died June 16th 1819 Aged 49 Years."
B,143,"IN MEMORY of Joseph Pighells of Lowerlaith who died March 4th 1819 Aged 60 Years
ALSO of Sarah Relict of the abovesaid Joseph Pighells died Oct 7th 1834 Aged 73 Years."
B,144,"[A broken fragment of a gravestone believed to commemorate John Collier who was buried October 10th 1675]
IOHN COL LAUREAT SON TO MINIST"
B,145,"Joseph Sunderland of Stanbury Aged 24 1811
ALSO Mary Sunderland Aged 71 1823
ALSO of Betty Sunderland of the same place who died October 11th 1856 in the 77th Year of her Age."
B,146,"IN MEMORY OF Timothy, Son of Jonas and Mary Judson who died Aug 28th 1817 Aged 13 Years
ALSO of the above Mary Judson who died May 7th 1826 Aged 47 Yrs
ALSO of the above named JONAS JUDSON of New Road in the Parish of Bingley, who died July 5th 1834 Aged 57 Years."
B,147,"THIS CHURCH was Rebuilt and enlarged AD 1755
W. Grimshaw A.B. Minr.
J. Greenwood, Br:house
T. Horsfall,  Ha.green
R. Heaton,  Ponden
G. Taylor,  Stanbury
M. Pighills, Hole
T. Pighills Stanbury
W. Greenwood, Stubbing
J. Murgatroyd, Ro.house
J. Horsfall, Manuells
J. Roberts, Le:town
M. Heaton, Birks
Trustees
Jo. Whitehead, Clark
To us to live be Christ,
To die our Gain. Ph.l 21."
B,148,"IN MEMORY of Rebecca Daughter of Joseph and Sally Bancroft of SHAW who died Decr 16th 1832 in the 9th Year of her Age
ALSO of Mary Ann their Daughter who died June 4th 1834 in the 27th Year of her Age
ALSO of the above Sally, Wife of the said Joseph Bancroft who died Jan 6th 1838 in the 56th Year of her Age
Also of the above named Joseph Bancroft who died Aug 6th 1843 in the 64th Year of his Age"
B,149,"The gates and pillars were erected A.D. 1824.
P. Bronte A.B. Incumbent. William Greenwood, Moorhouse John Beaver, Sykes. William Rushworth, Mouldgreave. James Greenwood, Bridgehouse.
Stephen Taylor, Stanbury. Robert Heaton, Ponden. Joseph Rushworth, Mouldgreave. John Greenwood, Bridgehouse. Joseph Greenwood, Bridgehouse.
Michael Pighills, Browtop. Michael Heaton, Roydhouse. James Greenwood Junr. Bridgehouse James Beaver, Sykes. George Robinson, Stanbury.
John Crabtree, Coldknowlend. George Greenwood, Moorhouse. George Taylor, Stanbury. John Taylor, Stanbury.
Trustees. Stephen Taylor, Joseph Sutcliffe, Joseph Whitaker, Joseph Dawson,
Churchwardens when the Erection of the Gates and pillars aforesaid was undertaken - Stephen Taylor, Joseph Dawson, Frances Barraclough,
Roberts (sic) Ogden when it was completed, S. Paslaw Clerk W. Brown Sexton. Enter ye at the strait Gate MAT.VII 13."
B,150,"IN MEMORY of Ann, the Daughter of Wilson and Mary Hartley, of Vale Mill, who died July 29th 1820 Aged 14 Years.
ALSO of the above Mary Hartley who died Novr 25th 1821 Aged 44 Yrs.
ALSO of James their Son, who died Jany 6th 1830, Aged 22 Years.
ALSO of Wilson their Son who died July 8th 1833 Aged 22 Years
ALSO of the abovenamed Wilson Hartley who died April 20th 1846 Aged 67 Years."
B,151,"IN MEMORY of William the Son of William and Sarah Binns of Haworth who died Septr 15th 1812 Aged 4 Years.
ALSO Rebecca their Daughter who died Aug 17th 1816 Aged 6 Years
ALSO Betty their Daughter who died April 30th 1820 Aged 23 Years
ALSO of the above Sarah Binns who died March 2nd 1842 aged 71 Years
ALSO of the aforenamed William Binns who died June 20th 1852 in the 82nd Year of his Age."
B,152,"IN MEMORY of Margaret the Wife of James Constantine of Haworth and Daughter of John & Jane Barton Chatburn near Clithero Lancashire
who died June 22nd 1816 in the 35th Year of her Age
ALSO of Henry their Son who died May 9th 1808 Aged nineteen Days
ALSO of Martha their Daughter who died Jany 10th 1817 in the 5th Year of her age
ALSO of James Constantine Husband and Father of the above who died April 16th 1831 in the 49th Year of his age."
B,153,"IN MEMORY of James Son of John and Sarah Redman of Stanbury who died Aug First 1842 in the First Year of his Age
Also of Mary Ann their Daughter who died Octr 28th 1848 in the First Year of her Age."
